ID;Active (0/1);Name *;Parent category;Root category;Description;Meta title;Meta keyword;Meta description;URL rewritten;Image URL
45;1;Home;;;;;;;;
1;1;Ski;Home;0;"Le plus grand choix de nouveautés skis et chaussures, Rossignol, Salomon, Faction, Movement, Scott. FreeRide vous propose des packs ski alpin en déstockage pour le freeride, le freestyle et la piste.";Achat de matériel de ski en ligne;"Achat SKI, salomon, rossignol SNOWBOARD burton, MONTAGNE, KITE head, dynastar matériel, equipement";"Le plus grand choix de nouveautés skis et chaussures, Rossignol, Salomon, Faction, Movement, Scott. FreeRide vous propose des packs ski alpin en déstockage pour le freeride, le freestyle et la piste.";;
2;1;Ski Alpin;Ski;0;"Le plus grand choix de nouveautés skis alpin Rossignol, Salomon, Faction, Movement, Scott. FreeRide vous propose des packs ski alpin en déstockage pour le freeride, le freestyle et la piste.";Achat de matériel de ski alpin en ligne;"Achat SKI, salomon, rossignol SNOWBOARD burton, MONTAGNE, KITE head, dynastar matériel, equipement";"Le plus grand choix de nouveautés skis et chaussures, Rossignol, Salomon, Faction, Movement, Scott. FreeRide vous propose des packs ski alpin en déstockage pour le freeride, le freestyle et la piste.";;
3;1;Ski de Fond;Ski;0;"Le plus grand choix de nouveautés skis de fonds, Rossignol, Salomon, Faction, Movement, Scott. FreeRide vous propose des packs ski alpin en déstockage pour le freeride, le freestyle et la piste.";Achat de matériel de ski de fond en ligne;"Achat SKI, salomon, rossignol SNOWBOARD burton, MONTAGNE, KITE head, dynastar matériel, equipement";"Le plus grand choix de nouveautés skis et chaussures, Rossignol, Salomon, Faction, Movement, Scott. FreeRide vous propose des packs ski alpin en déstockage pour le freeride, le freestyle et la piste.";;
4;1;Chaussures;Ski;0;"Le plus grand choix de nouveautés chaussures, Rossignol, Salomon, Faction, Movement, Scott. FreeRide vous propose des packs ski alpin en déstockage pour le freeride, le freestyle et la piste.";Achat de matériel de ski  chaussures en ligne;"Achat SKI, salomon, rossignol SNOWBOARD burton, MONTAGNE, KITE head, dynastar matériel, equipement";"Le plus grand choix de nouveautés skis et chaussures, Rossignol, Salomon, Faction, Movement, Scott. FreeRide vous propose des packs ski alpin en déstockage pour le freeride, le freestyle et la piste.";;
5;1;Fixations;Ski;0;"Le plus grand choix de nouveautés fixations ski, Rossignol, Salomon, Faction, Movement, Scott. FreeRide vous propose des packs ski alpin en déstockage pour le freeride, le freestyle et la piste.";Achat de matériel de ski fixations en ligne;"Achat SKI, salomon, rossignol SNOWBOARD burton, MONTAGNE, KITE head, dynastar matériel, equipement";"Le plus grand choix de nouveautés skis et chaussures, Rossignol, Salomon, Faction, Movement, Scott. FreeRide vous propose des packs ski alpin en déstockage pour le freeride, le freestyle et la piste.";;
6;1;Bâtons;Ski;0;"Le plus grand choix de nouveautés skis et baton, Rossignol, Salomon, Faction, Movement, Scott. FreeRide vous propose des packs ski alpin en déstockage pour le freeride, le freestyle et la piste.";Achat de matériel de ski batons en ligne;"Achat SKI, salomon, rossignol SNOWBOARD burton, MONTAGNE, KITE head, dynastar matériel, equipement";"Le plus grand choix de nouveautés skis et chaussures, Rossignol, Salomon, Faction, Movement, Scott. FreeRide vous propose des packs ski alpin en déstockage pour le freeride, le freestyle et la piste.";;
7;1;Snowboard;Home;0;"Le plus grand choix de nouveautés snowboard et chaussures, Rossignol, Salomon, Faction, Movement, Scott. FreeRide vous propose des packs de snowboard en déstockage pour le freeride, le freestyle et la piste.";Achat de matériel de snowboard en ligne;"Achat SKI, salomon, rossignol SNOWBOARD burton, MONTAGNE, KITE head, dynastar matériel, equipement";"Le plus grand choix de nouveautés skis et chaussures, Rossignol, Salomon, Faction, Movement, Scott. FreeRide vous propose des packs ski alpin en déstockage pour le freeride, le freestyle et la piste.";;
8;1;Snowboard;Snowboard;0;"Le plus grand choix de nouveautés snowboard, Rossignol, Salomon, Faction, Movement, Scott. FreeRide vous propose des packs ski alpin en déstockage pour le freeride, le freestyle et la piste.";Achat de matériel de snowboard en ligne;"Achat SKI, salomon, rossignol SNOWBOARD burton, MONTAGNE, KITE head, dynastar matériel, equipement";"Le plus grand choix de nouveautés skis et chaussures, Rossignol, Salomon, Faction, Movement, Scott. FreeRide vous propose des packs ski alpin en déstockage pour le freeride, le freestyle et la piste.";;
9;1;Chaussures;Snowboard;0;"Le plus grand choix de nouveautés snowboard chaussures, Rossignol, Salomon, Faction, Movement, Scott. FreeRide vous propose des packs ski alpin en déstockage pour le freeride, le freestyle et la piste.";Achat de matériel de snowboard chaussures en ligne;"Achat SKI, salomon, rossignol SNOWBOARD burton, MONTAGNE, KITE head, dynastar matériel, equipement";"Le plus grand choix de nouveautés skis et chaussures, Rossignol, Salomon, Faction, Movement, Scott. FreeRide vous propose des packs ski alpin en déstockage pour le freeride, le freestyle et la piste.";;
10;1;Fixations;Snowboard;0;"Le plus grand choix de nouveautés snowboard et fixations, Rossignol, Salomon, Faction, Movement, Scott. FreeRide vous propose des packs ski alpin en déstockage pour le freeride, le freestyle et la piste.";Achat de matériel de snowboard fixations en ligne;"Achat SKI, salomon, rossignol SNOWBOARD burton, MONTAGNE, KITE head, dynastar matériel, equipement";"Le plus grand choix de nouveautés skis et chaussures, Rossignol, Salomon, Faction, Movement, Scott. FreeRide vous propose des packs ski alpin en déstockage pour le freeride, le freestyle et la piste.";;
11;1;Accessories;Home;0;"Le plus grand choix de nouveautés acessoires, Rossignol, Salomon, Faction, Movement, Scott. FreeRide vous propose des packs ski alpin en déstockage pour le freeride, le freestyle et la piste.";Achat de matériel accessoires en ligne;"Achat SKI, salomon, rossignol SNOWBOARD burton, MONTAGNE, KITE head, dynastar matériel, equipement";"Le plus grand choix de nouveautés skis et chaussures, Rossignol, Salomon, Faction, Movement, Scott. FreeRide vous propose des packs ski alpin en déstockage pour le freeride, le freestyle et la piste.";;
12;1;Lunettes;Accessories;0;"Le plus grand choix de nouveautés Lunettes, Rossignol, Salomon, Faction, Movement, Scott. FreeRide vous propose des packs ski alpin en déstockage pour le freeride, le freestyle et la piste.";Achat de matériel accessoires lunettes en ligne;"Achat SKI, salomon, rossignol SNOWBOARD burton, MONTAGNE, KITE head, dynastar matériel, equipement";"Le plus grand choix de nouveautés skis et chaussures, Rossignol, Salomon, Faction, Movement, Scott. FreeRide vous propose des packs ski alpin en déstockage pour le freeride, le freestyle et la piste.";;
13;1;Luges;Accessories;0;"Le plus grand choix de nouveautés Luges, Rossignol, Salomon, Faction, Movement, Scott. FreeRide vous propose des packs ski alpin en déstockage pour le freeride, le freestyle et la piste.";Achat de matériel accessoires luges en ligne;"Achat SKI, salomon, rossignol SNOWBOARD burton, MONTAGNE, KITE head, dynastar matériel, equipement";"Le plus grand choix de nouveautés skis et chaussures, Rossignol, Salomon, Faction, Movement, Scott. FreeRide vous propose des packs ski alpin en déstockage pour le freeride, le freestyle et la piste.";;
14;1;Protections;Accessories;0;"Le plus grand choix de nouveautés Protections, Rossignol, Salomon, Faction, Movement, Scott. FreeRide vous propose des packs ski alpin en déstockage pour le freeride, le freestyle et la piste.";Achat de matériel accessoires protection en ligne;"Achat SKI, salomon, rossignol SNOWBOARD burton, MONTAGNE, KITE head, dynastar matériel, equipement";"Le plus grand choix de nouveautés skis et chaussures, Rossignol, Salomon, Faction, Movement, Scott. FreeRide vous propose des packs ski alpin en déstockage pour le freeride, le freestyle et la piste.";;
15;1;Housses;Accessories;0;"Le plus grand choix de nouveautés Housses, Rossignol, Salomon, Faction, Movement, Scott. FreeRide vous propose des packs ski alpin en déstockage pour le freeride, le freestyle et la piste.";Achat de matériel accessoires housses en ligne;"Achat SKI, salomon, rossignol SNOWBOARD burton, MONTAGNE, KITE head, dynastar matériel, equipement";"Le plus grand choix de nouveautés skis et chaussures, Rossignol, Salomon, Faction, Movement, Scott. FreeRide vous propose des packs ski alpin en déstockage pour le freeride, le freestyle et la piste.";;
16;1;Vêtements;Home;0;"Le plus grand choix de nouveautés vetements, Rossignol, Salomon, Faction, Movement, Scott. FreeRide vous propose des packs ski alpin en déstockage pour le freeride, le freestyle et la piste.";Achat de vetements en ligne;"Achat SKI, salomon, rossignol SNOWBOARD burton, MONTAGNE, KITE head, dynastar matériel, equipement";"Le plus grand choix de nouveautés skis et chaussures, Rossignol, Salomon, Faction, Movement, Scott. FreeRide vous propose des packs ski alpin en déstockage pour le freeride, le freestyle et la piste.";;
17;1;Homme,Vêtements;0;"Le plus grand choix de nouveautés vetement homme, Rossignol, Salomon, Faction, Movement, Scott. FreeRide vous propose des packs ski alpin en déstockage pour le freeride, le freestyle et la piste.";Achat de vetements homme en ligne;"Achat SKI, salomon, rossignol SNOWBOARD burton, MONTAGNE, KITE head, dynastar matériel, equipement";"Le plus grand choix de nouveautés skis et chaussures, Rossignol, Salomon, Faction, Movement, Scott. FreeRide vous propose des packs ski alpin en déstockage pour le freeride, le freestyle et la piste.";;
18;1;Pantalons;Homme;0;"Le plus grand choix de nouveautés vetement homme pantalons, Rossignol, Salomon, Faction, Movement, Scott. FreeRide vous propose des packs ski alpin en déstockage pour le freeride, le freestyle et la piste.";Achat de vetements homme pantalons en ligne;"Achat SKI, salomon, rossignol SNOWBOARD burton, MONTAGNE, KITE head, dynastar matériel, equipement";"Le plus grand choix de nouveautés skis et chaussures, Rossignol, Salomon, Faction, Movement, Scott. FreeRide vous propose des packs ski alpin en déstockage pour le freeride, le freestyle et la piste.";;
19;1;T-Shirt;Homme;0;"Le plus grand choix de nouveautés vetement homme tshirt, Rossignol, Salomon, Faction, Movement, Scott. FreeRide vous propose des packs ski alpin en déstockage pour le freeride, le freestyle et la piste.";Achat de vetements homme tshirt en ligne;"Achat SKI, salomon, rossignol SNOWBOARD burton, MONTAGNE, KITE head, dynastar matériel, equipement";"Le plus grand choix de nouveautés skis et chaussures, Rossignol, Salomon, Faction, Movement, Scott. FreeRide vous propose des packs ski alpin en déstockage pour le freeride, le freestyle et la piste.";;
20;1;Polaire;Homme;0;"Le plus grand choix de nouveautés vetement homme polaire, Rossignol, Salomon, Faction, Movement, Scott. FreeRide vous propose des packs ski alpin en déstockage pour le freeride, le freestyle et la piste.";Achat de vetements homme polaire en ligne;"Achat SKI, salomon, rossignol SNOWBOARD burton, MONTAGNE, KITE head, dynastar matériel, equipement";"Le plus grand choix de nouveautés skis et chaussures, Rossignol, Salomon, Faction, Movement, Scott. FreeRide vous propose des packs ski alpin en déstockage pour le freeride, le freestyle et la piste.";;
21;1;Veste;Homme;0;"Le plus grand choix de nouveautés vetement homme veste, Rossignol, Salomon, Faction, Movement, Scott. FreeRide vous propose des packs ski alpin en déstockage pour le freeride, le freestyle et la piste.";Achat de vetements homme veste en ligne;"Achat SKI, salomon, rossignol SNOWBOARD burton, MONTAGNE, KITE head, dynastar matériel, equipement";"Le plus grand choix de nouveautés skis et chaussures, Rossignol, Salomon, Faction, Movement, Scott. FreeRide vous propose des packs ski alpin en déstockage pour le freeride, le freestyle et la piste.";;
22;1;Combinaisons;Homme;0;"Le plus grand choix de nouveautés vetement homme combinaisons, Rossignol, Salomon, Faction, Movement, Scott. FreeRide vous propose des packs ski alpin en déstockage pour le freeride, le freestyle et la piste.";Achat de vetements homme combinaisons en ligne;"Achat SKI, salomon, rossignol SNOWBOARD burton, MONTAGNE, KITE head, dynastar matériel, equipement";"Le plus grand choix de nouveautés skis et chaussures, Rossignol, Salomon, Faction, Movement, Scott. FreeRide vous propose des packs ski alpin en déstockage pour le freeride, le freestyle et la piste.";;
23;1;Gants;Homme;0;"Le plus grand choix de nouveautés vetement homme gants, Rossignol, Salomon, Faction, Movement, Scott. FreeRide vous propose des packs ski alpin en déstockage pour le freeride, le freestyle et la piste.";Achat de vetements homme gants en ligne;"Achat SKI, salomon, rossignol SNOWBOARD burton, MONTAGNE, KITE head, dynastar matériel, equipement";"Le plus grand choix de nouveautés skis et chaussures, Rossignol, Salomon, Faction, Movement, Scott. FreeRide vous propose des packs ski alpin en déstockage pour le freeride, le freestyle et la piste.";;
24;1;Bonnets / Echarpes;Homme;0;"Le plus grand choix de nouveautés vetement homme bonnets, Rossignol, Salomon, Faction, Movement, Scott. FreeRide vous propose des packs ski alpin en déstockage pour le freeride, le freestyle et la piste.";Achat de vetements homme bonnets en ligne;"Achat SKI, salomon, rossignol SNOWBOARD burton, MONTAGNE, KITE head, dynastar matériel, equipement";"Le plus grand choix de nouveautés skis et chaussures, Rossignol, Salomon, Faction, Movement, Scott. FreeRide vous propose des packs ski alpin en déstockage pour le freeride, le freestyle et la piste.";;
25;1;Chaussettes;Homme;0;"Le plus grand choix de nouveautés vetement homme chaussette, Rossignol, Salomon, Faction, Movement, Scott. FreeRide vous propose des packs ski alpin en déstockage pour le freeride, le freestyle et la piste.";Achat de vetements homme chaussettes en ligne;"Achat SKI, salomon, rossignol SNOWBOARD burton, MONTAGNE, KITE head, dynastar matériel, equipement";"Le plus grand choix de nouveautés skis et chaussures, Rossignol, Salomon, Faction, Movement, Scott. FreeRide vous propose des packs ski alpin en déstockage pour le freeride, le freestyle et la piste.";;
27;1;Femme,Vêtements;0;"Le plus grand choix de nouveautés vetement femme, Rossignol, Salomon, Faction, Movement, Scott. FreeRide vous propose des packs ski alpin en déstockage pour le freeride, le freestyle et la piste.";Achat de vetements femme en ligne;"Achat SKI, salomon, rossignol SNOWBOARD burton, MONTAGNE, KITE head, dynastar matériel, equipement";"Le plus grand choix de nouveautés skis et chaussures, Rossignol, Salomon, Faction, Movement, Scott. FreeRide vous propose des packs ski alpin en déstockage pour le freeride, le freestyle et la piste.";;
28;1;Pantalons;Femme;0;"Le plus grand choix de nouveautés vetement femmes pantalons, Rossignol, Salomon, Faction, Movement, Scott. FreeRide vous propose des packs ski alpin en déstockage pour le freeride, le freestyle et la piste.";Achat de vetements femme pantalons en ligne;"Achat SKI, salomon, rossignol SNOWBOARD burton, MONTAGNE, KITE head, dynastar matériel, equipement";"Le plus grand choix de nouveautés skis et chaussures, Rossignol, Salomon, Faction, Movement, Scott. FreeRide vous propose des packs ski alpin en déstockage pour le freeride, le freestyle et la piste.";;
29;1;T-Shirt;Femme;0;"Le plus grand choix de nouveautés vetement femmes tshirt, Rossignol, Salomon, Faction, Movement, Scott. FreeRide vous propose des packs ski alpin en déstockage pour le freeride, le freestyle et la piste.";Achat de vetements femme tshirt  en ligne;"Achat SKI, salomon, rossignol SNOWBOARD burton, MONTAGNE, KITE head, dynastar matériel, equipement";"Le plus grand choix de nouveautés skis et chaussures, Rossignol, Salomon, Faction, Movement, Scott. FreeRide vous propose des packs ski alpin en déstockage pour le freeride, le freestyle et la piste.";;
30;1;Polaire;Femme;0;"Le plus grand choix de nouveautés vetement femmes polaire, Rossignol, Salomon, Faction, Movement, Scott. FreeRide vous propose des packs ski alpin en déstockage pour le freeride, le freestyle et la piste.";Achat de vetements femme polaire en ligne;"Achat SKI, salomon, rossignol SNOWBOARD burton, MONTAGNE, KITE head, dynastar matériel, equipement";"Le plus grand choix de nouveautés skis et chaussures, Rossignol, Salomon, Faction, Movement, Scott. FreeRide vous propose des packs ski alpin en déstockage pour le freeride, le freestyle et la piste.";;
31;1;Veste;Femme;0;"Le plus grand choix de nouveautés vetement femmes veste, Rossignol, Salomon, Faction, Movement, Scott. FreeRide vous propose des packs ski alpin en déstockage pour le freeride, le freestyle et la piste.";Achat de vetements femme veste en ligne;"Achat SKI, salomon, rossignol SNOWBOARD burton, MONTAGNE, KITE head, dynastar matériel, equipement";"Le plus grand choix de nouveautés skis et chaussures, Rossignol, Salomon, Faction, Movement, Scott. FreeRide vous propose des packs ski alpin en déstockage pour le freeride, le freestyle et la piste.";;
32;1;Combinaisons;Femme;0;"Le plus grand choix de nouveautés vetement femmes combinaisons, Rossignol, Salomon, Faction, Movement, Scott. FreeRide vous propose des packs ski alpin en déstockage pour le freeride, le freestyle et la piste.";Achat de vetements femme combinaisons en ligne;"Achat SKI, salomon, rossignol SNOWBOARD burton, MONTAGNE, KITE head, dynastar matériel, equipement";"Le plus grand choix de nouveautés skis et chaussures, Rossignol, Salomon, Faction, Movement, Scott. FreeRide vous propose des packs ski alpin en déstockage pour le freeride, le freestyle et la piste.";;
33;1;Gants;Femme;0;"Le plus grand choix de nouveautés vetement femmes gants, Rossignol, Salomon, Faction, Movement, Scott. FreeRide vous propose des packs ski alpin en déstockage pour le freeride, le freestyle et la piste.";Achat de vetements femme gants en ligne;"Achat SKI, salomon, rossignol SNOWBOARD burton, MONTAGNE, KITE head, dynastar matériel, equipement";"Le plus grand choix de nouveautés skis et chaussures, Rossignol, Salomon, Faction, Movement, Scott. FreeRide vous propose des packs ski alpin en déstockage pour le freeride, le freestyle et la piste.";;
34;1;Bonnets / Echarpes;Femme;0;"Le plus grand choix de nouveautés vetement femmes bonnet, Rossignol, Salomon, Faction, Movement, Scott. FreeRide vous propose des packs ski alpin en déstockage pour le freeride, le freestyle et la piste.";Achat de vetements femme bonnets en ligne;"Achat SKI, salomon, rossignol SNOWBOARD burton, MONTAGNE, KITE head, dynastar matériel, equipement";"Le plus grand choix de nouveautés skis et chaussures, Rossignol, Salomon, Faction, Movement, Scott. FreeRide vous propose des packs ski alpin en déstockage pour le freeride, le freestyle et la piste.";;
35;1;Chaussettes;Femme;0;"Le plus grand choix de nouveautés vetement femmes chaussettes, Rossignol, Salomon, Faction, Movement, Scott. FreeRide vous propose des packs ski alpin en déstockage pour le freeride, le freestyle et la piste.";Achat de vetements femme chaussettes en ligne;"Achat SKI, salomon, rossignol SNOWBOARD burton, MONTAGNE, KITE head, dynastar matériel, equipement";"Le plus grand choix de nouveautés skis et chaussures, Rossignol, Salomon, Faction, Movement, Scott. FreeRide vous propose des packs ski alpin en déstockage pour le freeride, le freestyle et la piste.";;
36;1;Enfants,Vêtements;0;"Le plus grand choix de nouveautés vetement enfants, Rossignol, Salomon, Faction, Movement, Scott. FreeRide vous propose des packs ski alpin en déstockage pour le freeride, le freestyle et la piste.";Achat de vetements enfant en ligne;"Achat SKI, salomon, rossignol SNOWBOARD burton, MONTAGNE, KITE head, dynastar matériel, equipement";"Le plus grand choix de nouveautés skis et chaussures, Rossignol, Salomon, Faction, Movement, Scott. FreeRide vous propose des packs ski alpin en déstockage pour le freeride, le freestyle et la piste.";;
37;1;Pantalons;Enfants;0;"Le plus grand choix de nouveautés vetement enfants pantalons, Rossignol, Salomon, Faction, Movement, Scott. FreeRide vous propose des packs ski alpin en déstockage pour le freeride, le freestyle et la piste.";Achat de vetements pantalons enfant en ligne;"Achat SKI, salomon, rossignol SNOWBOARD burton, MONTAGNE, KITE head, dynastar matériel, equipement";"Le plus grand choix de nouveautés skis et chaussures, Rossignol, Salomon, Faction, Movement, Scott. FreeRide vous propose des packs ski alpin en déstockage pour le freeride, le freestyle et la piste.";;
38;1;T-Shirt;Enfants;0;"Le plus grand choix de nouveautés  vetement enfants tshirt, Rossignol, Salomon, Faction, Movement, Scott. FreeRide vous propose des packs ski alpin en déstockage pour le freeride, le freestyle et la piste.";Achat de vetements enfant tshirt  en ligne;"Achat SKI, salomon, rossignol SNOWBOARD burton, MONTAGNE, KITE head, dynastar matériel, equipement";"Le plus grand choix de nouveautés skis et chaussures, Rossignol, Salomon, Faction, Movement, Scott. FreeRide vous propose des packs ski alpin en déstockage pour le freeride, le freestyle et la piste.";;
39;1;Polaire;Enfants;0;"Le plus grand choix de nouveautés vetement enfants polaire, Rossignol, Salomon, Faction, Movement, Scott. FreeRide vous propose des packs ski alpin en déstockage pour le freeride, le freestyle et la piste.";Achat de vetements enfant polaire en ligne;"Achat SKI, salomon, rossignol SNOWBOARD burton, MONTAGNE, KITE head, dynastar matériel, equipement";"Le plus grand choix de nouveautés skis et chaussures, Rossignol, Salomon, Faction, Movement, Scott. FreeRide vous propose des packs ski alpin en déstockage pour le freeride, le freestyle et la piste.";;
40;1;Veste;Enfants;0;"Le plus grand choix de nouveautés vetement enfants veste, Rossignol, Salomon, Faction, Movement, Scott. FreeRide vous propose des packs ski alpin en déstockage pour le freeride, le freestyle et la piste.";Achat de vetements enfant veste en ligne;"Achat SKI, salomon, rossignol SNOWBOARD burton, MONTAGNE, KITE head, dynastar matériel, equipement";"Le plus grand choix de nouveautés skis et chaussures, Rossignol, Salomon, Faction, Movement, Scott. FreeRide vous propose des packs ski alpin en déstockage pour le freeride, le freestyle et la piste.";;
41;1;Combinaisons;Enfants;0;"Le plus grand choix de nouveautés  vetement enfants combinaisons, Rossignol, Salomon, Faction, Movement, Scott. FreeRide vous propose des packs ski alpin en déstockage pour le freeride, le freestyle et la piste.";Achat de vetements enfant combinaisons en ligne;"Achat SKI, salomon, rossignol SNOWBOARD burton, MONTAGNE, KITE head, dynastar matériel, equipement";"Le plus grand choix de nouveautés skis et chaussures, Rossignol, Salomon, Faction, Movement, Scott. FreeRide vous propose des packs ski alpin en déstockage pour le freeride, le freestyle et la piste.";;
42;1;Gants;Enfants;0;"Le plus grand choix de nouveautés  vetement enfants gants, Rossignol, Salomon, Faction, Movement, Scott. FreeRide vous propose des packs ski alpin en déstockage pour le freeride, le freestyle et la piste.";Achat de vetements enfant gants en ligne;"Achat SKI, salomon, rossignol SNOWBOARD burton, MONTAGNE, KITE head, dynastar matériel, equipement";"Le plus grand choix de nouveautés skis et chaussures, Rossignol, Salomon, Faction, Movement, Scott. FreeRide vous propose des packs ski alpin en déstockage pour le freeride, le freestyle et la piste.";;
43;1;Bonnets / Echarpes;Enfants;0;"Le plus grand choix de nouveautés vetement enfants bonnets, Rossignol, Salomon, Faction, Movement, Scott. FreeRide vous propose des packs ski alpin en déstockage pour le freeride, le freestyle et la piste.";Achat de vetements enfant bonnets en ligne;"Achat SKI, salomon, rossignol SNOWBOARD burton, MONTAGNE, KITE head, dynastar matériel, equipement";"Le plus grand choix de nouveautés skis et chaussures, Rossignol, Salomon, Faction, Movement, Scott. FreeRide vous propose des packs ski alpin en déstockage pour le freeride, le freestyle et la piste.";;
44;1;Chaussettes;Enfants;0;"Le plus grand choix de nouveautés  vetement enfants chaussettes, Rossignol, Salomon, Faction, Movement, Scott. FreeRide vous propose des packs ski alpin en déstockage pour le freeride, le freestyle et la piste.";Achat de vetements enfant chaussettes en ligne;"Achat SKI, salomon, rossignol SNOWBOARD burton, MONTAGNE, KITE head, dynastar matériel, equipement";"Le plus grand choix de nouveautés skis et chaussures, Rossignol, Salomon, Faction, Movement, Scott. FreeRide vous propose des packs ski alpin en déstockage pour le freeride, le freestyle et la piste.";;